﻿date,Date
enumerator,Enumerator ID
des_version,Designer version
client_version,Client version
GPS,Device GPS
Latitude,Latitude
Longitude,Longitude
picture1,Picture 1
Picture2,Picture 2
Q001SurvCode,0.1.a Surveyor Coding
Q002SrvName,0.1.b Surveyor Name:
Q002AreaCode,0.2 Area Coding:
Q004SecSit,0.4 Security Situation:
Q005TypInf,0.5 Typology of Infrastructure:
Q006Comm,0.6 Comments and Recommendations:
Q101,1.1 Unit Code:
Q102a,1.2.a First:
Q102b,1.2.b Father:
Q102c,1.2.c G/Father:
Q102d,1.2.d Family:
Q103ID,1.3 ID number
Q104Tel,1.4.a Telefone Number
Q104Mob,1.4.b Mobile Number
Q1005,1.5 Are you Married?
Q105a,1.5.a Spouse Name 1:
Q105bSps1ID,1.5.a Spouse ID
Q106,1.6 Do you have more than 1 wife?
Q106a,1.6.a Spouse 2  Name:
Q106Sps2ID,1.6.b Spouse 2 ID
Q107,1.7 Do you have another Wife?
Q107aSps3Nm,1.7.a Spouse Name 3:
Q107bSps3ID,1.7.b Souse 3 ID
Q108,1.8 Do you have another Wife?
Q108asps4nm,1.8.a Spouse Name 4:
Q108bSps4ID,1.8.b Spouse ID 4:
Q109,1.9 Are you a refugee?
Q1010FamilyID,1.10 Family ID
Q1010bAlt,Alternate Number
Q1011,1.11 Old R/C No.:
Q1012,1.12 FS:
Q1013,1.13 Extended family?
Q204Gov,2.4 Governorate
Q204aNG,2.4.a North:
Q204bG,2.4.b Gaza:
Q204c,2.4.c Middle:
q2014d,2.4.d Khan Younis 
Q204E,2.4.e Rafah
Q202Address,2.2 Detailed Address:
Q203,2.3 Building No:
Q205DamDate,2.5 Damage Date
Q301TypeBldg,3.1 Type of Building
q301typothers,3.1.1 Other (Please Specify):
Q302NoFloors,3.2 No of Floors:
Q303DEMFloors,3.3 Damaged Floor/s:
Q304UnitArea,3.4 Unit Area [M2]:
Q305BoundWall,3.5 Boundary Wall, if any(L.M.)
Q306a,3.6.a Block No:
Q306b,3.6.b Parcel No:
Q306c,3.6.c Plot No:
Q307STRUCTsAFE,3.7 Structurely Safe?
Q308,3.8  Needs Structure Support?
Q309typedamage,3.9 Type of Damage:
q3011a,3.11.a Is the house in the Refugee Camp?
Q3011SheltiHab,3.11.b Is the Shelter Suitable for Living?
Q3012,3.12 Status:
Q3013Occupied,Is it occupied?
Q3130Dem,3.13 Demolishing Works Required?
Q3013a,3.13.a Demolish walls (M2):
Q3013b,3.13.b Remove concrete from slabs(M2):
Q3013c,3.13.c Remove concrete from existing damaged columns(No.):
Q3013d,3.13.d Carefully remove concrete from stair cases (Item):
Q3013e,3.13.e Clean the site including removing debris out of site to approved damping areas.(Item):
Q3013f,3.13.f Demolish concrete ground slabs(M2):
Q3013g,3.13.g Demolish concrete beams or foundation including removing debris out of site to approved damping areas.(M3):
Q3013h,3.13.h Carfully remove the terazzo floor tiles(M2):
Q3013i,3.13.i Carefully dismantle & refix existing Aluminum or wooden window/door, repair, fix new fittings in place of missing parts where needed & any other needed.(No.):
Q3013j,3.13.j Remove marble worktop(RM): 
Q3013k,3.13.k Hacking and remove old plaster including removing debris out of site to approved damping areas.(M2):
Q3013l,3.13.l Backfilling with clean sand(M3):
Q3140,Block Works Required?
Q3014a,3.14.a Hollow block walling 10cm thick (M2):
Q3014b,3.14.b Hollow block walling 12cm thick (M2):
Q3014c,3.14.c Hollow block walling 15cm thick(M2):
Q3014d,3.14.d Hollow block walling 20cm thick(M2):
Q3014e,3.14.e Solid block walling 20cm thick (M2):
Q3014f,3.14.f Solid block walling 40cm thick(M2):
Q30150,3.15 Concrete Works Required?
Q3015a,3.15.a Supply and cast plain concrete (B200/20) for ground slab with [6cm] thick.(M2):
Q3015b,3.15.b Supply and cast reinforced concrete (B250/20) for ground slab with [10cm] thick, (M2):
Q3015c,3.15.c Supply and cast reinforced concrete (B250/20) in door jambs, canopies, secondary tie columns,secondary beams, lintel, sills, infil and topping to walls (M3):
Q3015d,3.15.d Supply and cast reinforced concrete (B250/20) for ground beams or foundation(M3):
Q3015e,3.15.e Supply and cast reinforced concrete (B300/20) for new columns (M3):
Q3015f,3.15.f Supply and cast reinforced concrete (B300/20) as protective sleeve cover around existing damaged columns. (M3):
Q3015g,3.15.g Supply and cast reinforced concrete (B250/20) for solid slab [12cm] average thick(M2):
Q3015h,3.15.h Supply and cast reinforced concrete (B250/20) for suspended hollow block slab [25cm average thick](M2):
Q3015i,3.15.i Supply & cast reinforced concrete (B250/20) for stair case (landing, flights, steps & beams)(M3):
Q3015j,3.15.j Provide wooden shuttering and steel support for existing roof slab or any structural element as directed by supervising engineer.(M2):
Q3160,3.16 Finishing Works Required?
Q3016a,3.16.a Internal plastering,13mm thick to walls and ceilings (M2):
Q3016b,3.16.b External rendering, 15mm thick with approved dampproof admixture to walls (M2):
Q3016c,3.16.c Ditto but lime free external rendering (M2):
Q3016d,3.16.d External tyrolean finish with white cement ad fine sand (kfars) mix (1:3) to walls(M2):
Q3016e,3.16.e Priming and painting with at least two coats of high quality acrylic emulsion paint (Supercryle) for walls and ceiling surfaces (M2):
Q3016f,3.16.f Priming and painting with at least two coats of high quality oil paint for walls. (M2):
Q3016g,3.16.g Plastering, rendering and repairing cracks(RM):
Q3016h,3.16.h Supply and install marble sills (local khalily type) 250mm wide(RM):
Q3016i,3.16.i Supply and install precast terrazzo sills(RM):
Q3016j,3.16.j Supply and install terrazzo with marble chips floor tiles and skirting (7cm high) (M2):
Q3016k,3.16.k Supply and install terrazzo skirtings, 70mm high x 10mm thick (RM): 
Q3016l,3.16.l Supply and install white glazed ceramic wall tiles (M2):
Q3016m,3.16.m Supply and install unglazed ceramic floor tiles (M2):
Q3016n,3.16.n Supply and install porcelain tiles (M2):
Q3016o,3.16.o Supply and install precast terrazzo for stair case (RM):
Q3016p,3.16.p Marble worktop ( Complete including top, shelves, walls, … etc)(RM):
Q3016q,3.16.q Supply and fix surface marble only(M2):
Q3016r,3.16.r Supply and fix Granite marble only(M2):
Q3016s,3.16.s Supply and install exterior natural stone. (M2):
Q3016t,3.16.t Supply, install and fix clay roof tiles (Karmeed) complete with all needed items, materials and works(M2):
Q3016u,Supply and fix gypsum decorated panel (wide) (incl materials and workmanship)
Q3016v,Supply and fix gypsum decorated panel (thin) (incl materials and workmanship)
Q3016w,Supply and fix gypsum decorated panel (incl materials and workmanship)
Q3170,3.17 Aluminum Works Required?
Q3017a,3.17.a Supply and fix aluminum window of 4mm thick waved glazed sliding leaves (M2):
Q3017b,3.17.b Supply and fix aluminum window of 4mm thick waved glazed moving leaves (M2):
Q3017c,3.17.c Supply and fix aluminum window of 4mm thick waved glazed fixed leaves (M2):
Q3017d,3.17.d Supply and fix aluminum window of 6mm thick waved glazed sliding leaves (M2):
Q3017e,3.17.e Supply and fix aluminum window of 6mm thick waved glazed moving leaves (M2):
Q3017f,3.17.f Supply and fix aluminum window of 6mm thick waved glazed fixed leaves (M2):
Q3017g,3.17.g Supply and fix aluminum window of plastic panel louvered sliding leaves.(M2):
Q3017h,3.17.h Supply and fix aluminum window of plastic panel louvered moving leaves. (M2):
Q3017i,3.17.i Supply and fix aluminum window of plastic panel louvered fixed leaves. (M2):
Q3017j,3.17.j Supply and install leaves for aluminum window or door to match the existing (M2): 
Q3017k,3.17.k Supply and install aluminum frame (RM):
Q3017l,3.17.l Maintenance of aluminum window or door ( Excluding glass).(M2):
Q3180,Wooden Works Required?
Q3018a,3.18.a Type D1, V-jointed, size (90-80x220x4.5)cm (No.): 
Q3018b,3.18.b Type D2 flushed wooden door, overall size (70-65x220x4.5)cm (No.): 
Q3018c,3.18.c Maintenance of wooden window or door(No.):
Q3018d,3.18.d Supply and fix wooden window.(No.):
Q3018e,3.18.e Supply and install timber leaves for wooden window or door.(No.):
Q3018f,3.18.f Supply and install timber frame for wooden window or door to match the existing. (No.):
Q3190,Metal Works Required?
Q3019a,3.19.a Supply and install galvanized steel sheets (type skourit) 0.5mm thick .(M2):
Q3019b,3.19.b Supply and install eternite sheets fixed to steel pipes or purlings.(M2):
Q3019c,3.19.c Dismantle and refix steel pipes and eternite sheets or skourit .(M2):
Q3019d,3.19.d Supply and install 4'' mild steel pipes 2.25mm thick.(RM):
Q3019e,3.19.e Supply and install open steel profile 80x40 mm.(RM): 
Q3019f,3.19.f Supply and install steel door size [120x220]cm.(No.):
Q3019g,3.19.g Maintenance of steel door size [120x220]cm.(No.):
Q3019h,3.19.h Supply and install steel door size [220x400]cm.(No.):
Q3019i,3.19.i Maintenance of steel door size [220x400]cm.(No.):
Q3019j,3.19.j Supply and fix steel balustrade for stair case.(RM): 
Q3019K,3.19.k Supply and fix security protective screen. (M2):
Q3019l,3.19.l Supply and install steel stand, average size of 100x100x200cm mild steel (No.):
Q3019m,3.19.m New Mul-T-lock Door with frame(No.):
Q3019n,3.19.n New Mul-T-lock Door without frame(No.): 
Q3019o,3.19.o PVC coating(No.):
Q3019p,3.19.p New door lock(No.):
Q3019q,3.19.q Complete maintenace(No.):
Q3019r,3.19.r PVC coating (both sides)(No.): 
Q320Combreq,Combined Works Required?
Q3020a,3.20.a Replacement of broken glass 4mm thick for any defected parts.(M2):
Q3020b,3.20.b Replacement of broken glass 6mm thick for any defected parts.(M2): 
Q3020c,3.20.c Replacement of broken glass colored 4mm thick (Reflector) for any defected parts.(M2):
Q3020d,3.20.d Replacement of broken glass colored 6mm thick (Reflector) for any defected parts.(M2):
Q3020e,3.20.e Replacement of broken reinforced glass 6mm thick for any defected parts.(M2):
Q3020f,3.20.f Replacement of broken panels for louver leaves with all needed accessories(M2):
Q3020g,3.20.g Supply and install fly screen for leaves with all needed acessories.(M2):
Q3020h,3.20.h Supply and install hardware with switch (wally type).(No.):
Q3020i,3.20.i Replacement of Gypsum docaration(LM):
Q3020j,3.20.j Replacement of Gypsum Board(M2):
Q320PluWorks,Plumbing Works Required?
Q3021a,3.21.a Complete solar heating system(Item):
Q3021b,3.21.b Solar heater cylinder 150 liter.(Item): 
Q3021c,3.21.c 1.0M3 capacity plastic water tank(Item): 
Q3021d,3.21.d Ditto but 1.5M3 capacity.(Item):
Q3021e,3.21.e Ditto but 0.5M3 capacity.(Item):
Q3021f,3.21.f Dismantle and refix solar heating system.(Item): 
Q3021g,3.21.g UPVC drainage pipes 4" internal diameter(MR):
Q3021h,3.21.h UPVC drainage pipes 6" internal diameter.(MR):
Q3021i,3.21.i UPVC drainage pipes 2" or 3" .(MR):
Q3021j,3.21.j Galavanized steel pipes [3/4"](MR):
Q3021k,3.21.k 20 mm pressure PVC water pipes [Gulanee] with sleeves 25 mm(MR):
Q3021l,3.21.l 1/2" Galavanized steel pipes with all fittings including priming & painting.(MR):
Q3021m,3.21.m Trapped floor gully 4" diameter (No.):
Q3021n,3.21.n UPVC rainwater pipes 3" internal diameter including jointing, fixing with brackets.(MR):
Q3021o,3.21.o Complete single mirror size 190x90cm for solar system best quality.(No.):
Q3021p,3.21.p 2mm clear glass sheet for solar system mirrors best quality, (M2):
Q3021q,3.21.q Flushing cistern box (No.):
Q3021r,3.21.r 0.5" Tibisa type chromium water mixer (No.):
Q3021s,3.21.s 0.5" Tibisa type chromium water tap (No.):
Q3021t,3.21.t White glazed hand wash basin size 52x40cm(No.):
Q3021u,3.21.u Shower Tray 700 X700mm (Ariston type or equivelent).(No.):
Q3021v,3.21.v White glazed fireclay sink size 610x405mm(No.): 
Q3021w,3.21.w White glazed fireclay squatting W.C [European/Arabic] (No.): 
Q3021x,3.21.x One layer bituminous membrane with chippings 4mm thick of high ductility (polybeed)(M2):
Q3021y,3.21.y Manhole 40cm internal diameter (No.):
Q3021z,3.21.z Manhole 50cm internal diameter (No.):
Q3021aa,3.21.a.a Water pump 0.5 HP including all acessories(Item):
Q3021ab,3.21.a.b Ditto but 0.75 HP(Item):
Q3021ac,3.21.a.c Ditto but 1.0 HP(Item):
Q3021ad,3.21.a.d Septic tank size 165X90X140cm (Item):
Q3021ae,3.21.a.e Percolation Pit size 240cm internal dimeter and 400cm high(Item):
Q320ELE,Electrical Works Required
Q3022a,3.22.a Three pins 16A socket outlet:
Q3022b,3.22.b Three pins 16A socket outlet (water proof): 
Q3022c,3.22.c Three pins 16A socket outlet with 3X2.5mm2 wire and conduits from SBD to the points(No.):
Q3022d,3.22.d One gang one way switch (water proof):
Q3022e,3.22.e One gang one way switch(No.):
Q3022f,3.22.f One gang one way switch with 1.5mm2 wire and conduits from SDB to the point.(No.):
Q3022g,3.22.g Two gang one way switch , inculding all connections (No.):
Q3022h,3.22.h Two gang one way switch with 1.5mm2 wire and conduits from SDB to the point (No.):
Q3022i,3.22.i Flourescent lighting fixture 1x40w with lamp and 3X1.5mm2 wire and conduit (No.):
Q3022j,3.22.j Circular glob 60w with 3X1.5mm2 wire and conduits(No.):
Q3022k,3.22.k Ceiling lighting point with 60watt tungesten lamp and wires, conduits(No.):
Q3022l,3.22.l Supply and install 2X10 mm2XLPE cable with stay wire from MDB toi the main electrical network including isolator porcelain cup(RM):
Q3022m,3.22.m Supply and install 2" Galvanized steel console 3 meter long(Item):
Q3022n,3.22.n Supply and install 1-phase KWHM , ABB type with 1X40 A circuit breaker inside 30X40cm CI box.(No.):
Q3022o,3.22.o PVC SDB, 24 way type is Siemens or equal approved comprising: - One 1x40A C.B - One 2x40A/0.03 ELCB - Four 1x10A C.B - Six 1x16 A C.B  - Earth & nutral bus bars.(Item):" 
Q3022p,3.22.p Rearrange the existing wires using PVC pipe and repair all defects or fault in the internal network(Item):
Q3022q,3.22.q Supply and install PVC cover for electrical point (circular or rectangular junction boxes)(No.):
Q3022r,3.22.r Relocate KWHM to the new location with all necessary needed, cable, conduit and connection.(Item):
Q3022s,3.22.r Earthing system consists of 150cm CU electrode with 6mm2 stranded wire from SDB to the electrode with concrete manhole 40cm internal diameter and cover R≤5 ohms(Item):
Q3022t,3.22.t Circuit breaker 1x10A(No):
Q3022u,3.22.u Circuit breaker 1x16A(No):
Q3022v,3.22.v Circuit breaker 1x20A(No):
Q3022w,3.22.w 2x40A/0.03 ELCB(No):
Q3022x,3.22.x Flourescent lighting fixture 2x40W with lamp and 3X1.5mm2 wire and conduit
Q3022y,3.22.y Circular water proof glob 60W with 3x1.5mm2 wire and conduits
Q30230,Q3.23.0 Miscellanous Works Required?
repairof,4.1 Repair of
Recof,4.2 Reconstruction of:
Remarks,4.3 Remarks:
Q3014SumBW,Total Block Works
Q3013SumDW,Total Demolition Works
Q3015TotalSum,Grand Total
Q3015SumCW,Total of Concrete Works
